A0A;47.51;-53.1
A0B;47.54;-53.63
A0C;48.410000000000004;-53.77
A0E;47.45;-54.93
A0F;43.78;-79.43
A0G;49.18;-54.36
A0H;48.26;-55.83
A0J;49.47;-55.77
A0K;50.67;-56.58
A1A;47.6;-52.71
A1B;47.57;-52.74
A1C;47.56;-52.72
A1E;47.54;-52.75
A1F;47.730000000000004;-53.24
A1G;47.51;-52.76
A1H;47.49;-52.82
A1J;47.480000000000004;-52.78
A1K;47.65;-52.72
A1L;47.54;-52.88
A1M;47.6;-52.85
A1N;47.52;-52.81
A1S;47.45;-52.77
A1T;47.660000000000004;-52.74
A1V;48.96;-54.61
A1W;47.52;-52.94
A1X;47.49;-53.01
A1Y;47.74;-53.230000000000004
A2A;48.93;-55.64
A2B;48.95;-55.660000000000004
A2H;48.95;-57.95
A2L;47.57;-52.9
A2N;48.550000000000004;-58.59
A2V;52.94;-66.92
A5A;48.15;-53.980000000000004
A8A;49.18;-57.43
B0A;46.160000000000004;-59.84
B0B;44.86;-64.21000000000001
B0C;46.67;-60.42
B0E;46.050000000000004;-61.050000000000004
B0G;48.07;-93.42
B0H;45.44;-61.58
B0I;45.43;-61.47
B0J;44.65;-63.51
B0K;45.61;-62.92
B0L;45.76;-64.23
B0M;45.45;-63.95
B1A;46.19;-59.96
B1B;46.12;-59.97
B1C;45.96;-59.980000000000004
B1E;46.18;-60.02
B1F;46.13;-60.2
B1G;46.21;-60.02
B1H;46.24;-60.09
B1J;45.94;-60.480000000000004
B1K;45.96;-60.160000000000004
B1L;46.08;-60.27
B1M;46.1;-60.120000000000005
B1N;46.160000000000004;-60.18
B1P;46.14;-60.18
B1R;46.13;-60.230000000000004
B1S;46.11;-60.21
B1T;45.980000000000004;-60.68
B1V;46.24;-60.230000000000004
B1W;45.95;-60.61
B1X;46.22;-60.47
B1Y;46.26;-60.300000000000004
B2A;46.18;-60.28
B2B;44.69;-63.58
B2C;45.96;-60.9
B2E;45.7;-60.77
B2G;45.62;-62.01
B2H;45.59;-62.65
B2I;44.67;-63.56
B2J;45.6;-60.77
B2K;44.67;-63.56
B2L;44.800000000000004;-63.53
B2M;45.47;-62.96
B2N;45.36;-63.28
B2R;44.77;-63.58
B2S;45.01;-63.52
B2T;44.86;-63.59
B2V;44.660000000000004;-63.49
B2W;44.68;-63.51
B2X;44.7;-63.54
B2Y;44.67;-63.550000000000004
B3A;44.68;-63.58
B3B;44.7;-63.6
B3E;44.730000000000004;-63.35
B3F;49.13;-122.73
B3G;44.62;-63.47
B3H;44.64;-63.58
B3J;44.65;-63.59
B3K;44.660000000000004;-63.6
B3L;44.65;-63.61
B3M;44.67;-63.660000000000004
B3N;44.65;-63.63
B3O;44.65;-63.620000000000005
B3P;44.62;-63.61
B3R;44.6;-63.61
B3S;44.660000000000004;-63.67
B3T;44.59;-63.730000000000004
B3V;44.53;-63.59
B3W;44.67;-63.52
B3X;45.54;-75.56
B3Y;44.660000000000004;-63.56
B3Z;44.64;-63.89
B4A;44.730000000000004;-63.67
B4B;44.730000000000004;-63.75
B4C;44.77;-63.68
B4E;44.79;-63.71
B4G;44.84;-63.68
B4H;45.83;-64.21000000000001
B4J;44.64;-63.57
B4K;44.64;-63.57
B4L;44.65;-63.6
B4M;44.67;-63.59
B4N;45.07;-64.48
B4P;45.09;-64.36
B4R;45.06;-64.58
B4V;44.38;-64.55
B5A;43.84;-66.11
B6B;49.28;-123.11
B6C;49.28;-123.12
B6E;49.29;-123.12
B6H;49.26;-123.13000000000001
B6J;49.26;-123.14
B6L;45.36;-63.27
B9A;45.64;-61.38
C1A;46.25;-63.13
C1B;46.22;-63.09
C1C;46.28;-63.11
C1E;46.28;-63.160000000000004
C1K;43.93;-78.84
C1N;46.4;-63.79
E0A;46.22;-64.78
E0B;47.78;-65.36
E0C;47.04;-65.44
E0E;45.84;-65.84
E0G;45.4;-66.55
E0H;46.04;-66.84
E0J;46.51;-67.36
E1A;46.1;-64.74
E1B;46.06;-64.8
E1C;46.1;-64.8
E1E;46.08;-64.82000000000001
E1G;46.12;-64.89
E1H;46.15;-64.75
E1J;46.02;-64.81
E1K;46.01;-64.61
E1M;45.26;-66.07000000000001
E1N;47.02;-65.44
E1R;47.7;-65.04
E1V;47.01;-65.55
E1W;47.76;-64.94
E1X;47.49;-64.95
E2A;47.59;-65.67
E2B;45.99;-66.38
E2C;46.0;-65.74
E2E;45.410000000000004;-65.98
E2G;45.44;-65.93
E2H;45.34;-66.02
E2J;45.29;-66.01
E2K;45.29;-66.08
E2L;45.27;-66.06
E2M;45.26;-66.11
E2N;45.32;-65.94
E2O;45.26;-66.07000000000001
E2P;45.26;-65.98
E2R;45.27;-66.01
E2S;45.36;-65.84
E2V;45.83;-66.47
E3A;45.980000000000004;-66.63
E3B;45.92;-66.64
E3C;45.9;-66.71000000000001
E3E;45.910000000000004;-66.82000000000001
E3G;46.01;-66.7
E3J;45.29;-66.03
E3K;45.910000000000004;-65.77
E3L;45.230000000000004;-67.27
E3M;47.18;-77.89
E3N;47.980000000000004;-66.71000000000001
E3O;45.94;-66.64
E3S;45.95;-66.68
E3V;47.37;-68.34
E3W;48.02;-66.57000000000001
E3Y;47.06;-67.71000000000001
E3Z;47.0;-67.75
E4A;46.13;-65.86
E4B;46.04;-66.09
E4C;45.88;-65.95
E4E;45.7;-65.48
E4G;45.800000000000004;-65.46000000000001
E4H;45.800000000000004;-64.74
E4J;46.01;-65.04
E4K;45.96;-64.56
E4L;45.910000000000004;-64.35
E4M;46.11;-63.980000000000004
E4N;46.21;-64.32000000000001
E4P;46.22;-64.48
E4R;46.32;-64.59
E4S;46.47;-64.76
E4T;46.43;-65.1
E4V;46.35;-64.75
E4W;46.65;-64.89
E4X;46.74;-65.04
E4Y;46.730000000000004;-65.38
E4Z;45.94;-65.2
E5A;45.33;-67.18
E5B;45.11;-67.03
E5C;45.12;-66.84
E5E;44.89;-66.91
E5G;44.7;-66.77
E5H;45.09;-66.73
E5J;45.15;-66.43
E5K;45.36;-66.23
E5L;45.61;-66.61
E5M;45.67;-66.15
E5N;45.51;-65.83
E5P;45.77;-65.65
E5R;45.36;-65.59
E5S;45.4;-66.1
E5T;45.65;-65.88
E6A;46.47;-66.47
E6B;46.28;-66.77
E6C;46.18;-66.59
E6E;46.11;-67.16
E6G;45.99;-67.25
E6H;45.86;-67.56
E6J;45.59;-67.31
E6K;45.74;-67.02
E6L;46.0;-66.91
E7A;47.29;-68.63
E7B;47.44;-68.37
E7C;47.35;-68.2
E7E;47.21;-67.94
E7G;46.94;-67.47
E7H;46.75;-67.67
E7J;46.53;-67.62
E7K;46.42;-67.71000000000001
E7L;46.45;-67.51
E7M;46.160000000000004;-67.6
E7N;46.08;-67.59
E7P;46.31;-67.47
E8A;47.53;-67.38
E8B;47.65;-67.29
E8C;48.06;-66.38
E8E;47.980000000000004;-66.38
E8G;47.910000000000004;-66.01
E8H;43.25;-79.81
E8J;47.79;-65.74
E8K;47.7;-65.74
E8L;47.52;-65.37
E8M;47.69;-65.07000000000001
E8N;47.79;-65.05
E8P;47.68;-64.92
E8R;47.68;-65.01
E8S;47.74;-64.7
E8T;47.83;-64.62
E9A;47.03;-64.97
E9B;46.72;-65.81
E9C;46.54;-66.17
E9E;46.93;-65.82000000000001
E9G;47.25;-65.12
E9H;47.36;-65.0
G0A;47.230000000000004;-71.43
G0B;47.160000000000004;-62.730000000000004
G0C;48.27;-65.31
G0E;48.53;-66.71000000000001
G0G;50.81;-63.34
G0H;49.26;-68.16
G0I;49.1;-66.67
G0J;48.51;-67.5
G0K;48.13;-68.60000000000001
G0L;47.800000000000004;-69.21000000000001
G0M;46.01;-70.7
G0N;46.15;-71.3
G0P;46.18;-71.64
G0Q;48.27;-72.17
G0R;46.83;-70.41
G0S;46.5;-71.43
G0T;48.26;-69.73
G1A;46.81;-71.23
G1B;46.9;-71.21000000000001
G1C;46.88;-71.18
G1D;46.88;-71.2
G1E;46.87;-71.18
G1G;46.87;-71.28
G1H;46.85;-71.26
G1J;46.84;-71.23
G1K;46.81;-71.23
G1L;46.83;-71.23
G1M;46.82;-71.27
G1N;46.81;-71.25
G1P;46.81;-71.31
G1R;46.81;-71.22
G1S;46.79;-71.25
G1T;46.78;-71.26
G1V;46.78;-71.29
G1W;46.76;-71.29
G1X;46.77;-71.33
G1Y;46.76;-71.35000000000001
G2A;46.86;-71.36
G2B;46.84;-71.35000000000001
G2C;46.83;-71.33
G2E;46.81;-71.36
G2G;46.78;-71.37
G2H;46.84;-71.28
G2J;46.84;-71.28
G2K;46.85;-71.3
G2L;46.88;-71.26
G2M;46.910000000000004;-71.31
G2N;46.9;-71.33
G3A;46.74;-71.43
G3B;46.96;-71.3
G3C;47.0;-71.37
G3E;46.87;-71.33
G3G;46.9;-71.37
G3H;46.76;-71.69
G3J;46.86;-71.44
G3K;46.85;-71.41
G3L;46.89;-71.82000000000001
G3M;46.68;-71.73
G3N;46.86;-71.60000000000001
G3P;47.61;-69.64
G3R;46.86;-71.4
G3S;46.86;-71.43
G3V;46.87;-71.45
G3X;45.65;-73.41
G3Z;47.44;-70.52
G4A;47.7;-70.23
G4B;50.03;-66.9
G4F;45.46;-73.58
G4G;46.1;-71.3
G4L;48.120000000000005;-69.18
G4R;50.21;-66.38
G4S;50.26;-66.4
G4T;47.38;-61.86
G4V;49.13;-66.47
G4W;48.84;-67.52
G4X;48.88;-64.46000000000001
G4Z;49.22;-68.16
G5A;47.67;-70.14
G5B;50.02;-66.89
G5C;49.19;-68.27
G5E;47.81;-69.63
G5G;47.65;-69.77
G5H;48.59;-68.19
G5J;48.47;-67.43
G5L;48.44;-68.53
G5M;48.480000000000004;-68.49
G5N;48.39;-68.5
G5P;47.550000000000004;-68.63
G5R;47.83;-69.53
G5T;47.54;-68.66
G5U;46.97;-70.58
G5V;46.980000000000004;-70.56
G5X;46.21;-70.78
G5Y;46.12;-70.68
G5Z;46.1;-70.65
G6A;46.13;-70.67
G6B;45.58;-70.89
G6C;46.76;-71.13
G6E;46.45;-71.02
G6G;46.1;-71.3
G6H;46.09;-71.31
G6J;46.660000000000004;-71.31
G6K;46.71;-71.3
G6L;46.2;-71.81
G6O;46.07;-71.3
G6P;46.050000000000004;-71.95
G6R;46.03;-71.97
G6S;46.050000000000004;-71.91
G6T;46.07;-71.97
G6V;46.81;-71.17
G6W;46.75;-71.23
G6X;46.72;-71.27
G6Z;46.72;-71.2
G7A;46.7;-71.35000000000001
G7B;48.33;-70.89
G7E;45.64;-73.84
G7G;48.45;-71.07000000000001
G7H;48.410000000000004;-71.05
G7J;48.42;-71.09
G7K;48.39;-71.14
G7N;48.32;-71.12
G7P;48.52;-71.3
G7S;48.42;-71.18
G7T;48.4;-71.18
G7V;48.42;-71.08
G7X;48.410000000000004;-71.25
G7Y;48.38;-71.27
G7Z;48.43;-71.27
G8A;48.410000000000004;-71.27
G8B;48.550000000000004;-71.65
G8C;48.54;-71.65
G8E;48.6;-71.67
G8G;48.42;-71.85000000000001
G8H;48.51;-72.23
G8I;46.38;-72.49
G8J;48.63;-72.42
G8K;48.660000000000004;-72.44
G8L;48.88;-72.22
G8M;48.870000000000005;-72.34
G8N;48.39;-71.68
G8P;49.910000000000004;-74.37
G8R;45.54;-75.63
G8T;46.38;-72.53
G8V;46.4;-72.52
G8W;46.39;-72.58
G8Y;46.35;-72.61
G8Z;46.35;-72.57000000000001
G9A;46.34;-72.56
G9B;46.31;-72.63
G9C;46.39;-72.59
G9H;46.33;-72.41
G9K;48.65;-72.47
G9L;46.44;-74.03
G9M;46.56;-72.74
G9N;46.56;-72.74
G9P;46.52;-72.75
G9R;46.59;-72.8
G9T;46.61;-72.69
G9X;47.44;-72.78
H1A;45.67;-73.5
H1B;45.64;-73.5
H1C;45.660000000000004;-73.56
H1E;45.64;-73.59
H1G;45.61;-73.62
H1H;45.59;-73.64
H1I;45.6;-73.53
H1J;45.61;-73.58
H1K;45.61;-73.55
H1L;45.6;-73.52
H1M;45.59;-73.56
H1N;45.57;-73.54
H1P;45.6;-73.59
H1R;45.59;-73.61
H1S;45.58;-73.58
H1T;45.57;-73.57000000000001
H1V;45.56;-73.54
H1W;45.54;-73.55
H1X;45.550000000000004;-73.57000000000001
H1Y;45.550000000000004;-73.58
H1Z;45.57;-73.61
H2A;45.56;-73.60000000000001
H2B;45.57;-73.65
H2C;45.56;-73.66
H2D;45.52;-73.60000000000001
H2E;45.550000000000004;-73.61
H2G;45.54;-73.59
H2H;45.54;-73.57000000000001
H2I;45.54;-73.59
H2J;45.53;-73.58
H2K;45.53;-73.55
H2L;45.52;-73.56
H2M;45.550000000000004;-73.64
H2N;45.54;-73.65
H2P;45.54;-73.63
H2R;45.54;-73.62
H2S;45.53;-73.61
H2T;45.53;-73.59
H2V;45.52;-73.61
H2W;45.52;-73.58
H2X;45.52;-73.56
H2Y;45.51;-73.55
H2Z;45.51;-73.55
H3A;45.51;-73.57000000000001
H3B;45.5;-73.57000000000001
H3C;45.49;-73.58
H3D;45.53;-73.62
H3E;45.47;-73.54
H3F;45.46;-73.55
H3G;45.5;-73.58
H3H;45.5;-73.58
H3I;45.45;-73.54
H3J;45.49;-73.57000000000001
H3K;45.480000000000004;-73.56
H3L;45.550000000000004;-73.67
H3M;45.54;-73.69
H3N;45.53;-73.63
H3P;45.52;-73.63
H3R;45.51;-73.65
H3S;45.51;-73.63
H3T;45.5;-73.62
H3V;45.5;-73.61
H3W;45.49;-73.63
H3X;45.480000000000004;-73.64
H3Y;45.49;-73.60000000000001
H3Z;45.480000000000004;-73.59
H4A;45.480000000000004;-73.61
H4B;45.47;-73.63
H4C;45.480000000000004;-73.59
H4E;45.46;-73.60000000000001
H4G;45.46;-73.57000000000001
H4H;45.45;-73.58
H4J;45.54;-73.7
H4K;45.53;-73.72
H4L;45.52;-73.68
H4M;45.5;-73.69
H4N;45.53;-73.67
H4P;45.5;-73.66
H4R;45.51;-73.71000000000001
H4S;45.5;-73.73
H4T;45.49;-73.7
H4V;45.47;-73.65
H4W;45.47;-73.67
H4X;45.45;-73.65
H7A;45.67;-73.59
H7B;45.68;-73.64
H7C;45.61;-73.65
H7E;45.6;-73.67
H7F;45.57;-73.72
H7G;45.57;-73.68
H7H;45.64;-73.76
H7J;45.660000000000004;-73.7
H7K;45.62;-73.74
H7L;45.6;-73.78
H7M;45.6;-73.72
H7N;45.56;-73.71000000000001
H7P;45.58;-73.8
H7R;45.56;-73.86
H7S;45.57;-73.73
H7T;45.56;-73.77
H7V;45.550000000000004;-73.74
H7W;45.54;-73.76
H7X;45.53;-73.8
H7Y;45.52;-73.85000000000001
H8A;45.5;-73.83
H8B;45.62;-73.76
H8C;45.47;-73.74
H8H;45.480000000000004;-73.82000000000001
H8M;45.44;-73.59
H8N;45.44;-73.62
H8P;45.43;-73.61
H8R;45.43;-73.64
H8S;45.44;-73.67
H8T;45.45;-73.71000000000001
H8W;45.44;-73.85000000000001
H8X;45.47;-73.68
H8Y;45.51;-73.8
H8Z;45.51;-73.84
H9A;45.5;-73.83
H9B;45.49;-73.8
H9C;45.5;-73.87
H9D;45.49;-73.79
H9E;45.49;-73.9
H9G;45.480000000000004;-73.84
H9H;45.47;-73.86
H9J;45.45;-73.88
H9K;45.46;-73.9
H9L;45.46;-73.78
H9M;45.51;-73.79
H9N;45.52;-73.64
H9O;45.43;-73.86
H9P;45.46;-73.76
H9Q;45.44;-73.74
H9R;45.46;-73.81
H9S;45.44;-73.77
H9T;45.45;-73.7
H9V;45.6;-73.95
H9W;45.43;-73.87
H9X;45.410000000000004;-73.93
J0A;45.79;-71.96000000000001
J0B;45.38;-71.84
J0C;45.99;-72.76
J0E;45.32;-72.59
J0G;46.06;-72.79
J0H;45.7;-73.05
J0J;45.17;-73.10000000000001
J0K;46.21;-73.52
J0L;45.45;-73.4
J0M;57.42;-74.55
J0N;45.6;-74.03
J0O;45.37;-74.27
J0P;45.42;-74.23
J0R;45.9;-74.14
J0S;45.13;-74.02
J0T;46.18;-74.58
J0V;45.72;-74.8
J0W;46.58;-75.49
J0X;45.800000000000004;-76.07000000000001
J0Y;48.84;-77.74
J0Z;48.08;-79.09
J1A;45.13;-71.81
J1C;45.47;-71.97
J1E;45.42;-71.88
J1G;45.4;-71.86
J1H;45.39;-71.9
J1J;45.410000000000004;-71.92
J1K;45.39;-71.94
J1L;45.4;-71.96000000000001
J1M;45.37;-71.86
J1N;45.36;-71.99
J1P;45.42;-71.87
J1R;45.39;-72.03
J1S;45.57;-72.0
J1T;45.78;-71.93
J1V;45.57;-74.61
J1W;45.46;-73.59
J1X;45.29;-72.15
J1Y;45.79;-74.02
J1Z;45.93;-72.45
J2A;45.83;-72.42
J2B;45.87;-72.48
J2C;45.89;-72.5
J2E;45.910000000000004;-72.53
J2F;45.21;-72.76
J2G;45.4;-72.73
J2H;45.410000000000004;-72.71000000000001
J2J;45.4;-72.76
J2K;45.22;-72.76
J2L;45.300000000000004;-72.68
J2M;45.36;-72.60000000000001
J2N;45.28;-72.98
J2P;45.57;-73.44
J2R;45.65;-72.94
J2S;45.62;-72.96000000000001
J2T;45.62;-72.94
J2V;45.68;-72.98
J2W;45.36;-73.29
J2X;45.31;-73.23
J3A;45.35;-73.25
J3B;45.300000000000004;-73.26
J3C;45.730000000000004;-73.59
J3E;45.58;-73.33
J3G;45.57;-73.21000000000001
J3H;45.550000000000004;-73.19
J3I;45.6;-73.35000000000001
J3L;45.45;-73.28
J3M;45.43;-73.16
J3N;45.53;-73.29
J3P;46.03;-73.10000000000001
J3R;46.03;-73.14
J3T;46.230000000000004;-72.61
J3V;45.53;-73.34
J3W;45.36;-73.31
J3X;45.68;-73.42
J3Y;45.49;-73.42
J4A;45.68;-73.46000000000001
J4B;45.6;-73.44
J4C;45.56;-73.53
J4E;47.29;-98.19
J4F;45.5;-73.51
J4G;45.56;-73.48
J4H;45.54;-73.5
J4J;45.53;-73.48
J4K;45.52;-73.5
J4L;45.52;-73.46000000000001
J4M;45.54;-73.45
J4N;45.550000000000004;-73.46000000000001
J4P;45.51;-73.51
J4R;45.49;-73.5
J4S;45.480000000000004;-73.49
J4T;45.5;-73.47
J4V;45.49;-73.47
J4W;45.47;-73.48
J4X;45.45;-73.48
J4Y;45.45;-73.46000000000001
J4Z;45.47;-73.45
J5A;45.38;-73.57000000000001
J5B;45.38;-73.54
J5C;45.4;-73.57000000000001
J5E;45.81;-73.4
J5G;45.76;-73.48
J5J;45.83;-73.94
J5K;45.75;-74.12
J5L;45.79;-74.06
J5M;45.86;-73.77
J5P;45.9;-73.29
J5R;45.4;-73.5
J5S;45.32;-73.60000000000001
J5T;45.9;-73.3
J5V;46.26;-72.94
J5W;45.84;-73.42
J5X;45.86;-73.47
J5Y;45.77;-73.43
J5Z;45.75;-73.48
J6A;45.74;-73.46000000000001
J6B;45.54;-73.5
J6E;46.03;-73.44
J6H;45.56;-74.27
J6J;45.37;-73.74
J6K;45.36;-73.73
J6L;45.45;-73.93
J6M;45.59;-73.71000000000001
J6N;45.32;-73.86
J6P;46.050000000000004;-71.93
J6R;45.32;-73.74
J6S;45.27;-74.12
J6T;45.25;-74.13
J6V;45.72;-73.52
J6W;45.7;-73.63
J6X;45.72;-73.67
J6Y;45.69;-73.75
J6Z;45.67;-73.77
J7A;45.64;-73.8
J7B;45.660000000000004;-73.82000000000001
J7C;45.67;-73.88
J7E;45.65;-73.84
J7G;45.61;-73.83
J7H;45.63;-73.86
J7J;45.7;-73.93
J7K;45.75;-73.61
J7L;45.74;-73.66
J7M;45.77;-73.74
J7N;45.660000000000004;-74.05
J7P;45.57;-73.88
J7R;45.550000000000004;-73.91
J7S;45.64;-73.88
J7T;45.38;-74.11
J7V;45.39;-74.0
J7W;45.39;-73.96000000000001
J7X;45.28;-74.19
J7Y;45.79;-74.01
J7Z;45.78;-73.99
J8A;45.92;-74.01
J8B;45.95;-74.14
J8C;46.050000000000004;-74.28
J8E;46.15;-74.60000000000001
J8G;45.68;-74.43
J8H;45.660000000000004;-74.34
J8I;46.22;-74.60000000000001
J8K;47.06;-74.06
J8L;45.59;-75.42
J8M;45.54;-75.46000000000001
J8N;45.69;-75.68
J8P;45.49;-75.63
J8R;45.51;-75.63
J8T;45.480000000000004;-75.71000000000001
J8U;45.58;-75.78
J8V;45.51;-75.74
J8W;45.88;-75.77
J8X;45.44;-75.71000000000001
J8Y;45.45;-75.74
J8Z;45.47;-75.76
J9A;45.43;-75.76
J9B;45.53;-75.83
J9C;47.13;-76.0
J9E;46.38;-75.97
J9H;45.4;-75.82000000000001
J9J;45.43;-75.83
J9L;46.550000000000004;-75.5
J9M;48.09;-77.82000000000001
J9N;45.75;-73.83
J9P;48.09;-77.78
J9R;45.74;-74.74
J9S;45.43;-75.76
J9T;48.57;-78.12
J9V;47.33;-79.44
J9W;46.11;-76.08
J9X;48.230000000000004;-79.01
J9Y;48.15;-79.04
J9Z;48.800000000000004;-79.2
K0A;45.27;-75.73
K0B;45.480000000000004;-74.8
K0C;45.14;-74.99
K0E;44.75;-75.72
K0G;44.87;-76.05
K0H;44.67;-76.79
K0J;45.6;-77.44
K0K;44.230000000000004;-77.44
K0L;44.65;-78.10000000000001
K1A;45.410000000000004;-75.7
K1B;45.42;-75.59
K1C;45.46;-75.53
K1E;45.47;-75.51
K1G;45.4;-75.64
K1H;45.39;-75.66
K1J;45.44;-75.61
K1K;45.44;-75.65
K1L;45.44;-75.66
K1M;45.44;-75.68
K1N;45.43;-75.68
K1P;45.39;-75.75
K1R;45.410000000000004;-75.71000000000001
K1S;45.4;-75.69
K1T;45.35;-75.63
K1U;45.38;-75.65
K1V;45.35;-75.67
K1W;45.44;-75.53
K1X;45.28;-75.64
K1Y;45.4;-75.73
K1Z;45.39;-75.74
K2A;45.38;-75.76
K2B;45.36;-75.79
K2C;45.36;-75.74
K2E;45.35;-75.72
K2G;45.33;-75.75
K2H;45.33;-75.82000000000001
K2J;45.27;-75.76
K2K;45.34;-75.91
K2L;45.300000000000004;-75.89
K2M;45.29;-75.86
K2N;45.35;-75.79
K2P;45.42;-75.69
K2R;45.28;-75.8
K2S;45.26;-75.92
K2T;45.32;-75.92
K2V;45.300000000000004;-75.91
K4A;45.47;-75.48
K4B;45.410000000000004;-75.4
K4C;45.5;-75.4
K4G;44.02;-79.45
K4J;43.69;-79.34
K4K;45.550000000000004;-75.28
K4L;45.550000000000004;-75.29
K4M;45.21;-75.73
K4N;44.36;-79.66
K4P;45.25;-75.58
K6A;45.6;-74.61
K6B;44.26;-77.47
K6C;45.02;-74.72
K6G;45.050000000000004;-74.69
K6H;45.03;-74.72
K6J;45.02;-74.75
K6K;45.06;-74.77
K6M;44.24;-76.53
K6R;44.19;-77.73
K6S;44.74;-75.60000000000001
K6T;44.63;-75.71000000000001
K6U;42.25;-83.09
K6V;44.6;-75.69
K7A;44.9;-76.02
K7B;44.86;-76.63
K7C;45.14;-76.14
K7E;44.24;-76.49
K7G;44.33;-76.16
K7H;44.9;-76.25
K7J;45.04;-74.75
K7K;44.25;-76.48
K7L;44.230000000000004;-76.49
K7M;44.24;-76.56
K7N;44.22;-76.65
K7P;44.26;-76.58
K7Q;44.33;-76.17
K7R;44.25;-76.95
K7S;45.43;-76.36
K7T;44.25;-76.59
K7V;45.47;-76.68
K8A;45.82;-77.12
K8B;45.730000000000004;-77.10000000000001
K8G;45.9;-77.29
K8H;45.89;-77.27
K8J;44.92;-77.81
K8M;44.17;-77.37
K8N;44.17;-77.37
K8P;44.17;-77.4
K8R;44.14;-77.45
K8T;44.18;-77.39
K8V;44.11;-77.58
K9A;43.97;-78.17
K9B;44.38;-78.75
K9C;43.96;-79.0
K9G;44.33;-76.16
K9H;44.32;-78.32000000000001
K9J;44.29;-78.33
K9K;44.29;-78.36
K9L;44.33;-78.3
K9M;44.300000000000004;-78.32000000000001
K9N;44.19;-77.26
K9P;44.15;-77.4
K9S;44.32;-78.32000000000001
K9T;43.51;-79.85000000000001
K9U;44.36;-78.74
K9V;44.36;-78.74
L0A;44.06;-78.54
L0B;43.94;-79.03
L0C;44.160000000000004;-79.11
L0E;44.24;-79.29
L0G;44.02;-79.57000000000001
L0H;43.89;-79.27
L0I;43.18;-79.9
L0J;43.81;-79.64
L0K;44.57;-79.59
L0L;44.44;-79.68
L0M;44.33;-79.93
L0N;44.04;-80.09
L0P;43.58;-79.9
L0R;43.21;-79.73
L1A;43.96;-78.31
L1B;43.910000000000004;-78.60000000000001
L1C;43.92;-78.69
L1E;43.910000000000004;-78.79
L1G;43.92;-78.86
L1H;43.89;-78.84
L1J;43.89;-78.87
L1K;43.93;-78.85000000000001
L1L;43.94;-78.92
L1M;43.96;-78.96000000000001
L1N;43.88;-78.93
L1P;43.89;-78.97
L1R;43.910000000000004;-78.94
L1S;43.84;-79.02
L1T;43.87;-79.05
L1U;43.87;-79.01
L1V;43.83;-79.11
L1W;43.82;-79.09
L1X;43.85;-79.09
L1Y;43.96;-79.08
L1Z;43.87;-79.01
L2A;42.910000000000004;-78.94
L2B;44.59;-87.46000000000001
L2C;43.36;-79.43
L2E;43.1;-79.08
L2G;43.08;-79.09
L2H;43.1;-79.13
L2J;43.13;-79.11
L2K;43.1;-79.25
L2L;43.67;-79.64
L2M;43.19;-79.22
L2N;43.19;-79.25
L2P;43.15;-79.22
L2R;43.17;-79.25
L2S;43.15;-79.26
L2T;43.14;-79.23
L2U;43.12;-79.2
L2V;43.12;-79.21000000000001
L3A;43.83;-79.56
L3B;42.99;-79.24
L3C;43.0;-79.26
L3E;43.84;-79.52
L3F;43.85;-79.41
L3G;43.6;-79.29
L3H;43.42;-79.38
L3I;43.84;-79.39
L3J;43.82;-79.39
L3K;42.89;-79.25
L3L;43.56;-79.33
L3M;43.2;-79.56
L3N;43.56;-79.48
L3P;43.88;-79.26
L3R;43.85;-79.32000000000001
L3S;43.84;-79.27
L3T;43.82;-79.39
L3U;44.6;-79.4
L3V;44.61;-79.42
L3W;43.82;-79.66
L3X;44.04;-79.47
L3Y;44.06;-79.46000000000001
L3Z;44.11;-79.57000000000001
L4A;43.97;-79.26
L4B;43.86;-79.4
L4C;43.87;-79.44
L4E;43.94;-79.46000000000001
L4F;43.85;-79.52
L4G;44.0;-79.47
L4H;43.83;-79.59
L4I;43.76;-79.61
L4J;43.81;-79.45
L4K;43.81;-79.51
L4L;43.79;-79.58
L4M;44.4;-79.67
L4N;44.37;-79.69
L4O;44.230000000000004;-79.71000000000001
L4P;44.230000000000004;-79.47
L4Q;44.75;-79.88
L4R;44.74;-79.88
L4S;43.89;-79.42
L4T;43.71;-79.64
L4U;43.800000000000004;-79.54
L4V;43.72;-79.63
L4W;43.64;-79.62
L4X;43.62;-79.58
L4Y;43.61;-79.59
L4Z;43.61;-79.65
L5A;43.59;-79.61
L5B;43.58;-79.63
L5C;43.56;-79.65
L5D;43.57;-79.64
L5E;43.58;-79.56
L5F;43.59;-79.57000000000001
L5G;43.56;-79.58
L5H;43.54;-79.62
L5I;43.56;-79.71000000000001
L5J;43.52;-79.63
L5K;43.53;-79.66
L5L;43.54;-79.69
L5M;43.57;-79.72
L5N;43.59;-79.76
L5O;43.57;-79.69
L5P;43.68;-79.64
L5Q;43.61;-79.7
L5R;43.61;-79.67
L5S;43.67;-79.67
L5T;43.660000000000004;-79.67
L5U;43.59;-79.69
L5V;43.6;-79.69
L5W;43.63;-79.72
L5X;43.6;-79.73
L5Y;43.61;-79.71000000000001
L6A;43.86;-79.51
L6B;43.88;-79.24
L6C;43.89;-79.34
L6D;43.77;-79.66
L6E;43.9;-79.27
L6F;43.9;-79.24
L6G;43.82;-79.36
L6H;43.480000000000004;-79.7
L6J;43.47;-79.66
L6K;43.44;-79.69
L6L;43.410000000000004;-79.71000000000001
L6M;43.45;-79.74
L6N;43.62;-79.73
L6O;43.7;-79.55
L6P;43.78;-79.7
L6R;43.75;-79.75
L6S;43.730000000000004;-79.73
L6T;43.71;-79.7
L6U;43.67;-79.74
L6V;43.7;-79.76
L6W;43.68;-79.74
L6X;43.68;-79.78
L6Y;43.660000000000004;-79.75
L6Z;43.730000000000004;-79.79
L7A;43.7;-79.82000000000001
L7B;43.94;-79.54
L7C;43.800000000000004;-79.87
L7D;43.93;-79.53
L7E;43.89;-79.76
L7F;43.980000000000004;-79.78
L7G;43.65;-79.91
L7H;43.5;-79.78
L7I;43.42;-79.82000000000001
L7J;43.63;-80.04
L7K;43.87;-80.0
L7L;43.37;-79.76
L7M;43.38;-79.82000000000001
L7N;43.35;-79.78
L7P;43.36;-79.84
L7R;43.34;-79.8
L7S;43.33;-79.81
L7T;43.31;-79.84
L7V;43.87;-79.29
L8A;43.46;-79.79
L8B;43.28;-79.82000000000001
L8C;43.25;-79.73
L8D;43.26;-79.91
L8E;43.230000000000004;-79.72
L8F;43.25;-79.93
L8G;43.22;-79.75
L8H;43.25;-79.8
L8J;43.19;-79.77
L8K;43.230000000000004;-79.8
L8L;43.26;-79.85000000000001
L8M;43.25;-79.84
L8N;43.25;-79.86
L8O;43.24;-79.88
L8P;43.25;-79.88
L8R;43.26;-79.87
L8S;43.26;-79.91
L8T;43.22;-79.83
L8U;43.22;-79.82000000000001
L8V;43.230000000000004;-79.85000000000001
L8W;43.2;-79.85000000000001
L9A;43.230000000000004;-79.87
L9B;43.21;-79.89
L9C;43.230000000000004;-79.9
L9D;43.5;-79.86
L9E;43.57;-79.93
L9F;44.32;-79.54
L9G;43.22;-79.98
L9H;43.27;-79.96000000000001
L9J;43.480000000000004;-79.86
L9K;43.24;-79.93
L9L;44.06;-79.01
L9M;44.75;-79.93
L9N;44.09;-79.51
L9P;44.09;-79.14
L9R;44.15;-79.85000000000001
L9S;44.33;-79.58
L9T;43.51;-79.87
L9V;44.0;-80.14
L9W;43.92;-80.10000000000001
L9X;43.99;-79.7
L9Y;44.49;-80.23
L9Z;44.5;-80.04
M1A;43.6;-79.33
M1B;43.81;-79.21000000000001
M1C;43.79;-79.16
M1D;43.76;-79.31
M1E;43.77;-79.19
M1F;43.78;-79.22
M1G;43.77;-79.22
M1H;43.76;-79.25
M1J;43.75;-79.24
M1K;43.730000000000004;-79.26
M1L;43.71;-79.28
M1M;43.730000000000004;-79.23
M1N;43.7;-79.26
M1P;43.76;-79.27
M1Q;43.77;-79.2
M1R;43.75;-79.31
M1S;43.79;-79.27
M1T;43.78;-79.3
M1U;43.800000000000004;-79.31
M1V;43.82;-79.28
M1W;43.800000000000004;-79.32000000000001
M1X;43.82;-79.23
M2A;43.67;-79.65
M2B;43.72;-79.39
M2C;43.75;-79.37
M2E;43.79;-79.36
M2G;43.68;-79.49
M2H;43.800000000000004;-79.36
M2J;43.78;-79.35000000000001
M2K;43.78;-79.39
M2L;43.75;-79.38
M2M;43.79;-79.41
M2N;43.77;-79.41
M2P;43.75;-79.4
M2R;43.78;-79.43
M3A;43.75;-79.33
M3B;43.75;-79.36
M3C;43.72;-79.34
M3E;43.730000000000004;-79.29
M3G;44.51;-81.58
M3H;43.75;-79.45
M3I;43.76;-79.49
M3J;43.76;-79.49
M3K;43.730000000000004;-79.47
M3L;43.730000000000004;-79.51
M3M;43.730000000000004;-79.49
M3N;43.75;-79.52
M4A;43.730000000000004;-79.31
M4B;43.71;-79.31
M4C;43.69;-79.31
M4D;43.71;-79.39
M4E;43.68;-79.3
M4F;43.79;-79.27
M4G;43.71;-79.37
M4H;43.7;-79.35000000000001
M4I;43.65;-79.38
M4J;43.69;-79.34
M4K;43.68;-79.36
M4L;43.67;-79.32000000000001
M4M;43.660000000000004;-79.35000000000001
M4N;43.730000000000004;-79.4
M4P;43.71;-79.4
M4R;43.71;-79.41
M4S;43.7;-79.4
M4T;43.69;-79.39
M4V;43.68;-79.4
M4W;43.68;-79.38
M4X;43.67;-79.37
M4Y;43.67;-79.38
M4Z;43.64;-79.44
M5A;43.660000000000004;-79.37
M5B;43.660000000000004;-79.38
M5C;43.660000000000004;-79.4
M5E;43.65;-79.38
M5G;43.660000000000004;-79.39
M5H;43.65;-79.4
M5J;43.65;-79.38
M5K;43.65;-79.39
M5L;43.65;-79.38
M5M;43.730000000000004;-79.42
M5N;43.71;-79.42
M5O;43.67;-79.4
M5P;43.7;-79.41
M5R;43.67;-79.4
M5S;43.660000000000004;-79.4
M5T;43.65;-79.4
M5U;43.64;-79.49
M5V;43.65;-79.4
M5W;43.65;-79.38
M6A;43.72;-79.45
M6B;43.71;-79.44
M6C;43.69;-79.44
M6D;43.7;-79.45
M6E;43.69;-79.45
M6F;43.65;-79.47
M6G;43.67;-79.42
M6H;43.67;-79.43
M6I;43.74;-79.31
M6J;43.65;-79.41
M6K;43.64;-79.43
M6L;43.71;-79.49
M6M;43.69;-79.48
M6N;43.68;-79.48
M6O;43.64;-79.4
M6P;43.660000000000004;-79.46000000000001
M6R;43.65;-79.45
M6S;43.65;-79.48
M7A;43.67;-79.39
M7B;43.7;-79.44
M7C;43.65;-79.39
M7H;43.75;-79.45
M7J;43.65;-79.41
M7M;43.57;-79.61
M7N;43.76;-79.41
M7P;43.69;-79.38
M7S;42.96;-82.35000000000001
M7T;42.980000000000004;-82.41
M7X;43.78;-79.25
M7Y;43.72;-79.28
M7Z;43.78;-79.25
M8A;43.62;-79.51
M8B;43.64;-79.48
M8C;43.660000000000004;-79.58
M8G;43.660000000000004;-79.42
M8H;43.15;-80.49
M8I;43.64;-79.52
M8K;43.65;-79.51
M8L;43.64;-79.53
M8M;43.69;-79.47
M8N;43.65;-79.49
M8P;43.660000000000004;-79.45
M8R;43.59;-79.54
M8T;43.63;-79.49
M8V;43.61;-79.5
M8W;43.6;-79.54
M8X;43.65;-79.52
M8Y;43.63;-79.5
M8Z;43.63;-79.52
M9A;43.67;-79.52
M9B;43.65;-79.55
M9C;43.64;-79.58
M9D;43.64;-79.54
M9E;43.74;-79.45
M9G;43.35;-80.22
M9H;43.7;-79.54
M9I;43.68;-79.53
M9J;43.89;-79.11
M9K;43.69;-79.48
M9L;43.76;-79.56
M9M;43.74;-79.53
M9N;43.7;-79.51
M9P;43.69;-79.53
M9R;43.69;-79.56
M9S;43.32;-80.34
M9T;43.69;-79.49
M9V;43.74;-79.58
M9W;43.72;-79.58
N0A;42.97;-80.10000000000001
N0B;43.53;-80.45
N0C;44.08;-80.71000000000001
N0E;42.95;-80.42
N0F;44.300000000000004;-81.10000000000001
N0G;43.99;-81.06
N0H;44.54;-81.02
N0I;42.2;-82.69
N0J;43.03;-80.63
N0K;43.49;-81.13
N0L;42.83;-81.29
N0M;43.31;-81.48
N0N;43.1;-83.09
N0O;42.57;-81.68
N0P;42.37;-82.09
N1A;42.910000000000004;-79.61
N1B;43.61;-80.2
N1C;43.5;-80.24
N1D;43.39;-80.3
N1E;43.56;-80.24
N1G;43.52;-80.23
N1H;43.54;-80.27
N1J;45.67;-90.77
N1K;43.53;-80.29
N1L;43.51;-80.2
N1M;43.7;-80.38
N1N;43.77;-80.51
N1O;43.51;-80.21000000000001
N1P;43.34;-80.27
N1R;43.37;-80.31
N1S;43.35;-80.33
N1T;43.39;-80.29
N2A;43.44;-80.43
N2B;43.46;-80.45
N2C;43.43;-80.45
N2E;43.410000000000004;-80.49
N2G;43.44;-80.49
N2H;43.46;-80.48
N2I;43.46;-80.53
N2J;43.47;-80.51
N2K;43.49;-80.5
N2L;43.47;-80.54
N2M;43.44;-80.51
N2N;43.43;-80.54
N2O;43.45;-80.56
N2P;43.39;-80.43
N2R;43.4;-80.45
N2S;43.28;-80.34
N2T;43.46;-80.57000000000001
N2V;43.49;-80.56
N2W;42.85;-81.74
N2X;44.22;-81.61
N2Z;44.18;-81.63
N3A;43.39;-80.7
N3B;43.59;-80.56
N3C;43.43;-80.31
N3D;43.13;-80.25
N3E;43.38;-80.38
N3F;43.14;-80.25
N3G;43.09;-80.77
N3H;43.39;-80.36
N3I;43.19;-80.38
N3J;43.27;-80.39
N3K;42.83;-80.3
N3L;43.2;-80.38
N3M;42.78;-81.58
N3N;43.42;-80.46000000000001
N3P;43.18;-80.24
N3R;43.17;-80.27
N3S;43.14;-80.24
N3T;43.14;-80.27
N3V;43.18;-80.31
N3W;43.06;-79.94
N3X;43.15;-80.23
N3Y;42.84;-80.31
N4A;43.0;-81.19
N4B;42.85;-80.49
N4C;42.74;-81.56
N4G;42.87;-80.73
N4I;44.61;-80.59
N4J;43.38;-80.15
N4K;44.57;-80.94
N4L;44.6;-80.59
N4M;43.480000000000004;-80.41
N4N;44.15;-81.02
N4O;44.550000000000004;-80.57000000000001
N4P;43.28;-80.33
N4R;43.42;-80.65
N4S;43.13;-80.75
N4T;43.15;-80.74
N4V;43.11;-80.74
N4W;43.730000000000004;-80.95
N4X;43.28;-81.14
N4Y;43.47;-80.29
N4Z;43.37;-80.97
N5A;43.37;-80.98
N5B;43.01;-81.19
N5C;43.04;-80.88
N5E;43.17;-80.61
N5G;43.1;-80.77
N5H;42.77;-80.99
N5J;43.31;-80.04
N5K;43.27;-81.19
N5L;42.68;-81.22
N5M;43.160000000000004;-80.53
N5N;42.83;-81.61
N5P;42.79;-81.18
N5R;42.77;-81.18
N5S;43.46;-80.15
N5T;44.0;-88.03
N5U;43.13;-81.12
N5V;43.01;-81.18
N5W;42.99;-81.19
N5X;43.03;-81.26
N5Y;43.01;-81.23
N5Z;42.97;-81.21000000000001
N6A;42.99;-81.25
N6B;42.99;-81.23
N6C;42.96;-81.24
N6E;42.94;-81.22
N6G;43.01;-81.3
N6H;42.980000000000004;-81.3
N6I;42.96;-81.28
N6J;42.96;-81.27
N6K;42.95;-81.32000000000001
N6L;42.9;-81.26
N6M;42.97;-81.16
N6N;42.93;-81.14
N6O;42.980000000000004;-81.26
N6P;42.910000000000004;-81.3
N7A;43.74;-81.71000000000001
N7B;43.01;-82.39
N7C;42.97;-81.63
N7E;43.58;-80.22
N7G;42.96;-81.62
N7H;43.24;-81.33
N7I;42.43;-82.16
N7J;42.980000000000004;-82.01
N7K;42.95;-81.29
N7L;42.410000000000004;-82.2
N7M;42.4;-82.18
N7N;42.99;-82.31
N7O;42.42;-82.21000000000001
N7S;42.99;-82.36
N7T;42.97;-82.39
N7U;42.94;-81.23
N7V;43.0;-82.39
N7W;42.97;-82.32000000000001
N7X;43.02;-82.32000000000001
N8A;42.59;-82.39
N8B;42.43;-82.67
N8C;42.88;-81.63
N8D;42.29;-83.05
N8E;42.28;-82.98
N8G;43.0;-81.28
N8H;42.050000000000004;-82.60000000000001
N8K;42.300000000000004;-83.03
N8L;43.25;-79.82000000000001
N8M;42.17;-82.82000000000001
N8N;42.31;-82.88
N8P;42.33;-82.9
N8Q;42.31;-83.0
N8R;42.31;-82.91
N8S;42.33;-82.95
N8T;42.31;-82.95
N8V;42.29;-82.86
N8W;42.29;-82.99
N8X;42.300000000000004;-83.02
N8Y;42.32;-82.99
N9A;42.31;-83.03
N9B;42.300000000000004;-83.05
N9C;42.29;-83.07000000000001
N9D;43.64;-79.56
N9E;42.27;-83.03
N9F;42.25;-83.02
N9G;42.25;-83.0
N9H;42.24;-83.03
N9J;42.230000000000004;-83.08
N9K;42.300000000000004;-82.87
N9M;42.61;-81.92
N9N;42.230000000000004;-83.0
N9P;42.71;-81.94
N9R;42.53;-82.26
N9S;42.6;-82.2
N9T;42.31;-82.94
N9U;42.11;-83.09
N9V;42.11;-83.10000000000001
N9W;43.0;-81.27
N9X;42.31;-83.03
N9Y;42.04;-82.73
P0A;45.63;-79.28
P0B;45.15;-79.4
P0C;45.24;-79.79
P0E;44.89;-79.5
P0G;45.59;-80.17
P0H;46.38;-79.67
P0I;48.76;-91.62
P0J;47.550000000000004;-79.9
P0K;48.31;-80.28
P0L;50.07;-82.29
P0M;46.99;-81.73
P0N;48.54;-81.35000000000001
P0P;45.86;-82.25
P0R;46.32;-83.41
P0S;47.54;-84.77
P0T;49.17;-88.43
P0V;51.09;-92.33
P1A;46.29;-79.44
P1B;46.32;-79.46000000000001
P1C;46.32;-79.44
P1E;48.38;-89.28
P1H;45.33;-79.22
P1K;47.95;-96.13
P1L;45.04;-79.31
P1M;45.01;-79.32000000000001
P1O;45.56;-79.33
P1P;44.92;-79.37
P2A;45.35;-80.03
P2B;46.37;-79.92
P2E;48.71;-86.37
P2G;51.02;-114.04
P2N;48.15;-80.03
P3A;46.52;-80.95
P3B;46.49;-80.96000000000001
P3C;46.49;-81.01
P3D;46.46;-80.99
P3E;46.47;-81.0
P3G;46.42;-80.99
P3I;46.56;-80.87
P3J;46.550000000000004;-80.88
P3L;46.56;-80.87
P3N;46.61;-81.01
P3O;46.480000000000004;-81.01
P3P;46.65;-80.96000000000001
P4A;46.33;-81.05
P4B;51.29;-114.01
P4N;48.480000000000004;-81.34
P4P;48.5;-81.35000000000001
P4R;48.480000000000004;-81.38
P5A;46.38;-82.65
P5E;46.25;-81.77
P5J;53.54;-113.49000000000001
P5L;43.36;-79.84
P5M;53.56;-113.54
P5N;49.42;-82.42
P6A;46.51;-84.3
P6B;46.52;-84.31
P6C;46.54;-84.37
P7A;48.45;-89.22
P7B;48.43;-89.24
P7C;48.39;-89.26
P7E;48.370000000000005;-89.28
P7G;48.46;-89.3
P7J;48.32;-89.34
P8A;49.79;-92.85000000000001
P8L;53.71;-113.21000000000001
P8N;49.78;-92.83
P8T;50.1;-91.93
P9A;48.61;-93.4
P9C;48.38;-89.29
P9H;47.35;-86.39
P9M;49.76;-94.47
P9N;49.77;-94.47
R0A;49.42;-96.83
R0B;55.09;-97.82000000000001
R0C;50.93;-97.61
R0E;50.2;-96.39
R0G;49.45;-97.93
R0H;50.11;-98.41
R0J;50.58;-100.23
R0K;49.63;-99.67
R0L;51.69;-100.47
R1A;50.120000000000005;-96.93
R1B;50.08;-96.93
R1C;47.75;-86.28
R1G;45.410000000000004;-75.64
R1J;49.7;-112.84
R1M;49.84;-97.11
R1N;49.97;-98.29
R2A;49.88;-99.02
R2B;49.910000000000004;-97.15
R2C;49.9;-97.01
R2E;49.97;-97.03
R2F;49.95;-97.21000000000001
R2G;49.94;-97.07000000000001
R2H;49.88;-97.12
R2J;49.870000000000005;-97.08
R2K;49.92;-97.09
R2L;49.910000000000004;-97.10000000000001
R2M;49.84;-97.11
R2N;49.81;-97.10000000000001
R2P;49.96;-97.17
R2R;49.94;-97.21000000000001
R2S;49.84;-97.18
R2T;49.89;-97.10000000000001
R2U;49.9;-97.10000000000001
R2V;49.95;-97.12
R2W;49.92;-97.13
R2X;49.93;-97.17
R2Y;49.89;-97.29
R3A;49.9;-97.15
R3B;49.9;-97.14
R3C;49.89;-97.14
R3E;49.910000000000004;-97.18
R3F;49.88;-97.23
R3G;49.89;-97.18
R3H;49.9;-97.21000000000001
R3J;49.88;-97.24000000000001
R3K;49.88;-97.29
R3L;49.870000000000005;-97.14
R3M;49.870000000000005;-97.16
R3N;49.86;-97.19
R3O;49.83;-97.15
R3P;49.85;-97.2
R3R;49.86;-97.28
R3S;49.84;-97.26
R3T;49.82;-97.15
R3V;49.77;-97.16
R3W;49.910000000000004;-97.05
R3X;49.83;-97.06
R3Y;49.81;-97.18
R4A;50.01;-97.10000000000001
R4G;49.870000000000005;-97.4
R4H;49.870000000000005;-97.38
R4J;49.86;-97.4
R5A;49.72;-97.08
R5G;49.53;-96.69
R5H;49.67;-96.66
R6G;49.88;-97.18
R6H;49.2;-98.09
R6M;49.19;-98.11
R6N;49.19;-98.11
R6W;49.18;-97.95
R7A;49.84;-99.94
R7B;49.84;-99.98
R7C;49.88;-99.95
R7E;43.160000000000004;-79.44
R7H;49.85;-99.95
R7K;45.45;-75.63
R7N;51.15;-100.05
R8A;54.77;-101.86
R8N;55.74;-97.86
R9A;53.82;-101.25
S0A;51.4;-102.92
S0B;49.63;-105.99000000000001
S0C;49.410000000000004;-103.09
S0D;50.19;-104.9
S0E;52.97;-103.8
S0G;50.52;-104.08
S0H;50.09;-106.2
S0J;53.980000000000004;-105.87
S0K;52.27;-106.33
S0L;51.480000000000004;-108.55
S0M;53.800000000000004;-108.68
S3B;51.22;-102.44
S3N;51.21;-102.47
S4A;49.14;-102.99000000000001
S4B;50.49;-104.65
S4E;50.49;-104.65
S4H;49.67;-103.85000000000001
S4K;50.5;-104.64
S4L;50.44;-104.44
S4M;50.46;-104.54
S4N;50.45;-104.57000000000001
S4P;50.45;-104.60000000000001
S4R;50.480000000000004;-104.62
S4S;50.42;-104.62
S4T;50.46;-104.64
S4V;50.43;-104.55
S4W;50.42;-104.65
S4X;50.49;-104.67
S4Y;50.480000000000004;-104.7
S6B;53.2;-105.71000000000001
S6H;50.39;-105.55
S6J;50.410000000000004;-105.54
S6K;50.38;-105.58
S6N;50.39;-105.53
S6R;53.2;-105.74000000000001
S6T;50.45;-104.59
S6U;53.2;-105.73
S6V;53.2;-105.74000000000001
S7B;52.11;-106.57000000000001
S7C;52.14;-106.68
S7E;52.14;-106.69
S7G;52.13;-106.62
S7H;52.120000000000005;-106.62
S7J;52.1;-106.63
S7K;52.160000000000004;-106.64
S7L;52.14;-106.7
S7M;52.120000000000005;-106.7
S7N;52.13;-106.61
S7O;52.15;-106.7
S7P;52.2;-106.63
S7R;52.160000000000004;-106.69
S7S;52.15;-106.59
S7T;52.06;-106.62
S7V;52.1;-106.56
S9A;52.78;-108.29
S9H;50.29;-107.8
S9K;51.71;-107.24000000000001
S9N;50.45;-104.54
S9V;53.27;-110.0
S9X;54.13;-108.44
T0A;54.43;-111.82000000000001
T0B;53.050000000000004;-111.69
T0C;52.7;-113.21000000000001
T0E;53.52;-115.60000000000001
T0G;54.910000000000004;-114.54
T0H;56.19;-118.02
T0I;50.34;-113.77
T0J;51.050000000000004;-111.98
T0K;49.54;-112.72
T0L;50.6;-113.94
T1A;50.04;-110.68
T1B;50.01;-110.66
T1C;50.06;-110.68
T1E;51.800000000000004;-113.52
T1F;51.49;-113.89
T1G;49.79;-112.14
T1H;49.71;-112.82000000000001
T1J;49.69;-112.83
T1K;49.68;-112.83
T1L;51.18;-115.57000000000001
T1M;49.74;-112.63
T1N;49.69;-112.73
T1P;51.050000000000004;-113.39
T1R;50.57;-111.91
T1S;50.72;-113.96000000000001
T1T;51.050000000000004;-114.13
T1U;51.09;-113.96000000000001
T1V;50.58;-113.87
T1W;51.08;-115.34
T1X;51.06;-113.84
T1Y;51.08;-113.97
T2A;51.050000000000004;-113.98
T2B;51.03;-114.0
T2C;50.99;-113.99000000000001
T2E;51.07;-114.04
T2F;51.03;-114.07000000000001
T2G;51.04;-114.05
T2H;51.0;-114.06
T2I;51.1;-114.14
T2J;50.95;-114.04
T2K;51.1;-114.07000000000001
T2L;51.09;-114.12
T2M;51.06;-114.09
T2N;51.06;-114.10000000000001
T2P;51.050000000000004;-114.07000000000001
T2R;51.04;-114.07000000000001
T2S;51.03;-114.07000000000001
T2T;51.04;-114.10000000000001
T2V;50.980000000000004;-114.10000000000001
T2W;50.95;-114.11
T2X;50.9;-114.05
T2Y;50.910000000000004;-114.10000000000001
T2Z;50.92;-113.98
T3A;51.120000000000005;-114.14
T3B;51.09;-114.18
T3C;51.050000000000004;-114.11
T3E;51.02;-114.12
T3F;51.01;-114.01
T3G;51.13;-114.19
T3H;51.04;-114.19
T3J;51.11;-113.95
T3K;51.15;-114.08
T3L;51.120000000000005;-114.23
T3M;50.89;-113.97
T3N;51.14;-113.97
T3O;51.14;-114.25
T3P;51.17;-114.11
T3R;51.17;-114.19
T3S;50.980000000000004;-113.93
T3T;51.46;-112.26
T3V;51.120000000000005;-113.96000000000001
T3W;52.02;-113.82000000000001
T3X;51.0;-114.10000000000001
T3Y;51.01;-114.08
T3Z;51.08;-114.32000000000001
T4A;51.28;-113.99000000000001
T4B;51.29;-114.03
T4C;51.22;-114.46000000000001
T4E;52.24;-113.71000000000001
T4F;52.31;-114.09
T4G;52.02;-113.95
T4H;51.800000000000004;-114.11
T4J;52.67;-113.58
T4K;51.19;-114.26
T4L;52.46;-113.74000000000001
T4M;51.78;-113.91
T4N;52.27;-113.81
T4P;52.29;-113.81
T4R;52.25;-113.77
T4S;52.300000000000004;-114.06
T4T;52.36;-114.91
T4V;53.01;-112.83
T4W;52.52;-113.73
T4X;53.36;-113.42
T5A;53.58;-113.43
T5B;53.56;-113.48
T5C;53.58;-113.47
T5E;53.58;-113.51
T5F;53.550000000000004;-113.63
T5G;53.56;-113.51
T5H;53.550000000000004;-113.49000000000001
T5I;53.6;-113.41
T5J;53.53;-113.5
T5K;53.54;-113.51
T5L;53.59;-113.55
T5M;53.57;-113.55
T5N;53.56;-113.54
T5O;53.53;-113.62
T5P;53.56;-113.57000000000001
T5R;53.54;-113.56
T5S;53.550000000000004;-113.64
T5T;53.52;-113.64
T5V;53.58;-113.59
T5W;53.54;-113.45
T5X;53.6;-113.54
T5Y;53.61;-113.4
T5Z;53.6;-113.53
T6A;53.54;-113.45
T6B;53.52;-113.44
T6C;53.52;-113.46000000000001
T6E;53.51;-113.48
T6F;53.52;-113.51
T6G;53.53;-113.51
T6H;53.51;-113.51
T6I;53.480000000000004;-113.42
T6J;53.47;-113.5
T6K;53.47;-113.45
T6L;53.46;-113.41
T6M;53.49;-113.64
T6N;53.46;-113.48
T6P;53.5;-113.38
T6Q;53.52;-113.52
T6R;53.46;-113.58
T6S;53.56;-113.36
T6T;53.47;-113.39
T6U;53.620000000000005;-113.55
T6V;53.620000000000005;-113.58
T6W;53.43;-113.55
T6X;53.43;-113.45
T7A;53.230000000000004;-114.96000000000001
T7C;53.53;-114.0
T7E;53.58;-116.42
T7G;49.79;-112.16
T7H;49.71;-112.84
T7J;53.47;-113.54
T7K;53.550000000000004;-113.92
T7M;49.730000000000004;-112.61
T7N;54.1;-114.4
T7P;54.15;-113.86
T7S;54.14;-115.67
T7V;53.4;-117.57000000000001
T7X;53.550000000000004;-113.9
T7Y;53.44;-113.85000000000001
T7Z;53.53;-114.01
T8A;53.53;-113.29
T8B;53.480000000000004;-113.29
T8C;53.46;-113.2
T8E;53.51;-113.13
T8G;53.47;-113.01
T8H;53.550000000000004;-113.28
T8K;54.1;-115.18
T8L;53.7;-113.22
T8M;53.61;-113.48
T8N;53.64;-113.62
T8O;53.71;-113.21000000000001
T8R;53.79;-113.64
T8S;56.230000000000004;-117.29
T8T;53.63;-113.67
T8U;55.17;-118.79
T8V;55.17;-118.8
T8W;55.13;-118.76
T8X;55.17;-118.77
T9A;52.97;-113.38
T9B;53.28;-110.05
T9C;53.5;-112.06
T9E;53.27;-113.55
T9G;53.36;-113.72
T9H;56.71;-111.37
T9J;56.71;-111.37
T9K;56.730000000000004;-111.46000000000001
T9L;53.68;-113.25
T9M;54.43;-110.21000000000001
T9N;54.26;-110.75
T9P;52.6;-113.96000000000001
T9R;54.02;-112.17
T9S;54.7;-113.31
T9T;56.730000000000004;-111.46000000000001
T9V;53.28;-110.03
T9W;52.84;-110.85000000000001
T9X;53.35;-110.87
V0A;50.93;-116.61
V0B;49.550000000000004;-115.84
V0C;56.870000000000005;-122.43
V0E;50.84;-119.39
V0G;49.69;-117.63
V0H;49.36;-119.25
V0I;50.75;-119.22
V0J;54.660000000000004;-125.71000000000001
V0K;51.31;-121.4
V0L;52.07;-123.38000000000001
V0M;49.35;-122.23
V0N;49.79;-124.13000000000001
V0P;49.980000000000004;-125.22
V0Q;51.29;-116.96000000000001
V0R;49.06;-124.2
V0S;48.51;-124.09
V1A;49.68;-115.98
V1B;50.25;-119.24000000000001
V1C;49.52;-115.77
V1E;50.69;-119.27
V1F;49.92;-119.43
V1G;55.76;-120.24000000000001
V1H;50.24;-119.37
V1I;50.72;-119.26
V1J;56.25;-120.84
V1K;50.11;-120.78
V1L;49.5;-117.28
V1M;49.17;-122.60000000000001
V1N;49.31;-117.66
V1O;49.53;-115.74000000000001
V1P;49.88;-119.32000000000001
V1R;49.1;-117.71000000000001
V1S;50.64;-120.38
V1T;50.26;-119.27
V1V;49.92;-119.44
V1W;49.83;-119.47
V1X;49.9;-119.39
V1Y;49.88;-119.48
V1Z;49.870000000000005;-119.56
V2A;49.49;-119.58
V2B;50.71;-120.37
V2C;50.67;-120.28
V2D;49.17;-121.96000000000001
V2E;50.64;-120.34
V2F;49.07;-122.31
V2G;52.13;-122.14
V2H;50.71;-120.28
V2J;52.980000000000004;-122.48
V2K;53.980000000000004;-122.79
V2L;53.9;-122.75
V2M;53.92;-122.79
V2N;53.870000000000005;-122.77
V2P;49.17;-121.94
V2R;49.11;-121.97
V2S;49.050000000000004;-122.28
V2T;49.050000000000004;-122.34
V2V;49.15;-122.31
V2W;49.2;-122.52
V2X;49.22;-122.61
V2Y;49.13;-122.65
V2Z;49.06;-122.60000000000001
V3A;49.09;-122.66
V3B;49.28;-122.77
V3C;49.26;-122.79
V3E;49.29;-122.79
V3F;49.13;-122.8
V3G;49.06;-122.21000000000001
V3H;49.29;-122.86
V3J;49.26;-122.87
V3K;49.24;-122.86
V3L;49.22;-122.91
V3M;49.2;-122.93
V3N;49.22;-122.94
V3O;49.27;-122.78
V3P;49.28;-122.77
V3Q;49.08;-122.64
V3R;49.19;-122.81
V3S;49.11;-122.77
V3T;49.19;-122.85000000000001
V3V;49.18;-122.87
V3W;49.13;-122.86
V3X;49.11;-122.86
V3Y;49.22;-122.69
V3Z;49.230000000000004;-122.64
V4A;49.04;-122.83
V4B;49.03;-122.8
V4C;49.15;-122.91
V4E;49.120000000000005;-122.91
V4G;49.14;-122.99000000000001
V4H;47.54;-93.59
V4I;49.85;-119.67
V4K;49.09;-123.07000000000001
V4L;49.02;-123.06
V4M;49.02;-123.08
V4N;49.17;-122.75
V4P;49.050000000000004;-122.81
V4R;49.230000000000004;-122.56
V4S;49.18;-122.37
V4T;49.84;-119.64
V4U;49.64;-122.10000000000001
V4V;50.04;-119.46000000000001
V4W;49.07;-122.5
V4X;49.07;-122.4
V4Y;49.44;-121.87
V4Z;49.160000000000004;-121.87
V5A;49.26;-122.94
V5B;49.27;-122.98
V5C;49.28;-123.01
V5E;49.230000000000004;-122.96000000000001
V5F;49.29;-123.06
V5G;49.25;-123.0
V5H;49.230000000000004;-123.0
V5I;49.27;-123.11
V5J;49.21;-123.0
V5K;49.28;-123.04
V5L;49.28;-123.07000000000001
V5M;49.26;-123.07000000000001
V5N;49.26;-123.08
V5O;49.25;-123.09
V5P;49.22;-123.08
V5R;49.24;-123.05
V5S;49.22;-123.05
V5T;49.26;-123.10000000000001
V5V;49.25;-123.10000000000001
V5W;49.230000000000004;-123.10000000000001
V5X;49.22;-123.10000000000001
V5Y;49.25;-123.11
V5Z;49.25;-123.12
V6A;49.28;-123.09
V6B;49.28;-123.11
V6C;49.28;-123.12
V6D;49.28;-123.12
V6E;49.29;-123.13000000000001
V6F;49.28;-123.11
V6G;49.29;-123.13000000000001
V6H;49.26;-123.12
V6J;49.26;-123.14
V6K;49.26;-123.15
V6L;49.25;-123.15
V6M;49.230000000000004;-123.14
V6N;49.230000000000004;-123.17
V6O;49.21;-123.12
V6P;49.22;-123.13000000000001
V6R;49.26;-123.19
V6S;49.25;-123.19
V6T;49.26;-123.25
V6V;49.19;-123.05
V6W;49.15;-123.05
V6X;49.18;-123.12
V6Y;49.160000000000004;-123.13000000000001
V6Z;49.28;-123.13000000000001
V7A;49.14;-123.12
V7B;49.19;-123.16
V7C;49.160000000000004;-123.17
V7D;49.18;-123.15
V7E;49.13;-123.17
V7F;49.31;-123.02
V7G;49.32;-122.96000000000001
V7H;49.32;-123.0
V7J;49.32;-123.03
V7K;49.34;-123.04
V7L;49.32;-123.06
V7M;49.32;-123.08
V7N;49.34;-123.07000000000001
V7O;49.21;-123.15
V7P;49.33;-123.11
V7R;49.35;-123.10000000000001
V7S;49.35;-123.16
V7T;49.33;-123.15
V7V;49.34;-123.18
V7W;49.36;-123.26
V7X;49.29;-123.12
V7Y;49.28;-123.12
V8A;49.84;-124.52
V8B;49.72;-123.14
V8C;54.06;-128.65
V8E;49.33;-123.22
V8G;54.51;-128.58
V8I;48.49;-123.36
V8J;54.31;-130.31
V8K;48.85;-123.5
V8L;48.65;-123.42
V8M;48.58;-123.43
V8N;48.480000000000004;-123.32000000000001
V8P;48.46;-123.34
V8R;48.44;-123.32000000000001
V8S;48.42;-123.33
V8T;48.44;-123.36
V8V;48.42;-123.36
V8W;48.43;-123.36
V8X;48.47;-123.37
V8Y;48.52;-123.37
V8Z;48.480000000000004;-123.4
V9A;48.44;-123.4
V9B;48.46;-123.49000000000001
V9C;48.42;-123.51
V9E;48.51;-123.47
V9G;49.0;-123.82000000000001
V9H;49.95;-125.21000000000001
V9J;49.79;-125.08
V9K;49.35;-124.47
V9L;48.79;-123.7
V9M;49.68;-124.92
V9N;49.69;-124.97
V9P;49.31;-124.29
V9R;49.160000000000004;-123.95
V9S;49.19;-123.97
V9T;49.21;-124.0
V9V;49.230000000000004;-124.03
V9W;50.0;-125.24000000000001
V9X;49.1;-123.89
V9Y;49.25;-124.81
V9Z;48.39;-123.72
X1A;62.45;-114.37
Y1A;60.730000000000004;-135.08